"name",12/13,13/14,14/15,15/16,16/17,17/18
"Dmitri Poloz",22.0,30.0,24.0,30.0,40.0,24.0
"Emiliano Rigoni",NaN,26.0,48.0,20.0,31.0,21.0
"Sebastián Driussi",NaN,7.0,37.0,15.0,35.0,31.0
"Aleksandr Kokorin",26.0,23.0,39.0,24.0,38.0,34.0
"Anton Zabolotnyi",5.0,26.0,NaN,29.0,34.0,24.0
"Quincy Promes",42.0,31.0,29.0,32.0,29.0,28.0
"Pedro Rocha",NaN,NaN,34.0,20.0,23.0,10.0
"Lorenzo Melgarejo",40.0,25.0,15.0,28.0,22.0,25.0
"Zelimkhan Bakaev",NaN,NaN,NaN,14.0,31.0,12.0
"Luiz Adriano",32.0,39.0,33.0,29.0,15.0,29.0
"Zé Luís",35.0,29.0,25.0,25.0,24.0,16.0
"Ahmed Musa",35.0,37.0,39.0,44.0,32.0,12.0
"Fedor Chalov",NaN,NaN,NaN,6.0,23.0,23.0
"Timur Zhamaletdinov",NaN,NaN,6.0,7.0,13.0,17.0
"Wanderson",6.0,29.0,32.0,26.0,28.0,23.0
"Joãozinho",31.0,34.0,29.0,23.0,33.0,19.0
"Andrei Ivan",NaN,8.0,19.0,34.0,39.0,8.0
"Ricardo Laborde",29.0,12.0,37.0,31.0,27.0,7.0
"Magomed-Shapi Suleymanov",NaN,NaN,NaN,NaN,NaN,10.0
"Fedor Smolov",26.0,29.0,26.0,44.0,31.0,17.0
"Ivan Ignatjev",NaN,NaN,NaN,NaN,NaN,11.0
"Alan Kasaev",31.0,20.0,31.0,31.0,19.0,2.0
"Jefferson Farfán",35.0,28.0,9.0,9.0,11.0,24.0
"Arshak Koryan",NaN,0.0,8.0,12.0,25.0,3.0
"Éder",31.0,16.0,38.0,29.0,37.0,19.0
"Ari",37.0,21.0,38.0,36.0,31.0,5.0
"Gökdeniz Karadeniz",42.0,31.0,24.0,28.0,12.0,16.0
"Rifat Zhemaletdinov",NaN,NaN,NaN,6.0,26.0,18.0
"Sardar Azmoun",0.0,17.0,27.0,24.0,41.0,22.0
"Léo Jabá",NaN,NaN,NaN,1.0,1.0,22.0
"Bernard Berisha",21.0,30.0,41.0,43.0,27.0,17.0
"Magomed Mitrishev",20.0,2.0,14.0,24.0,25.0,22.0
"Odise Roshi",32.0,25.0,22.0,25.0,21.0,14.0
"Khalid Kadyrov",0.0,2.0,5.0,5.0,0.0,2.0
"Bekim Balaj",19.0,37.0,31.0,37.0,27.0,8.0
"Ablaye Mbengue",NaN,NaN,5.0,22.0,23.0,11.0
"Zaur Sadaev",13.0,22.0,34.0,16.0,8.0,15.0
"Apti Akh'yadov",NaN,0.0,0.0,2.0,28.0,3.0
"Fedor Chernykh",35.0,14.0,33.0,35.0,36.0,28.0
"Vyacheslav Grulev",NaN,NaN,NaN,NaN,2.0,2.0
"Anton Terekhov",NaN,NaN,NaN,4.0,7.0,4.0
"Evgeni Markov",NaN,NaN,18.0,28.0,23.0,22.0
"Evgeni Lutsenko",32.0,28.0,25.0,27.0,32.0,15.0
"Nikolay Obolskiy",NaN,NaN,0.0,8.0,5.0,8.0
"Evans Kangwa",NaN,NaN,23.0,33.0,26.0,11.0
"Artem Dzyuba",32.0,31.0,26.0,44.0,34.0,26.0
"Luka Djordjevic",10.0,21.0,12.0,28.0,18.0,21.0
"Federico Rasic",NaN,12.0,21.0,9.0,15.0,15.0
"Aslanbek Sikoev",NaN,0.0,NaN,NaN,NaN,4.0
"Igor Shevchenko",32.0,31.0,26.0,14.0,20.0,16.0
"Sly",28.0,30.0,33.0,26.0,26.0,19.0
"Dmitri Sysuev",28.0,27.0,12.0,20.0,21.0,19.0
"Kehinde Fatai",37.0,19.0,32.0,46.0,25.0,16.0
"Vyacheslav Krotov",3.0,1.0,10.0,30.0,27.0,13.0
"Yerkebulan Seydakhmet",NaN,NaN,NaN,NaN,18.0,1.0
"Aleksandr Zuev",NaN,NaN,3.0,38.0,23.0,21.0
"Aleksey Ionov",32.0,24.0,44.0,32.0,29.0,20.0
"Björn Sigurdarson",41.0,39.0,17.0,29.0,30.0,2.0
"Eldor Shomurodov",NaN,NaN,4.0,7.0,20.0,15.0
"Vladimir Dyadyun",33.0,20.0,25.0,21.0,NaN,15.0
"Nikolay Dimitrov",21.0,26.0,42.0,26.0,26.0,17.0
"Dmytro Khomchenovsky",15.0,30.0,32.0,28.0,31.0,8.0
"Nikita Glushkov",NaN,NaN,18.0,NaN,28.0,7.0
"Giorgi Chanturia",16.0,23.0,26.0,24.0,14.0,15.0
"Edgar Manucharyan",11.0,23.0,19.0,23.0,15.0,6.0
"Vladimir Iljin",NaN,16.0,30.0,34.0,39.0,16.0
"Igor Portnyagin",27.0,32.0,28.0,31.0,7.0,7.0
"Aaron Olanare",27.0,33.0,18.0,10.0,7.0,14.0
"Darko Bodul",28.0,30.0,21.0,12.0,25.0,22.0
"Aleksey Gasilin",1.0,2.0,7.0,33.0,33.0,6.0
"Pavel Yakovlev",17.0,25.0,21.0,17.0,24.0,18.0
"Ivan Markelov",NaN,25.0,27.0,31.0,18.0,20.0
"Arsen Khubulov",14.0,20.0,17.0,27.0,29.0,18.0
"Pylyp Budkivsky",0.0,16.0,33.0,34.0,31.0,15.0
"Juan Lescano",NaN,28.0,24.0,27.0,34.0,11.0
"Aleksandr Prudnikov",7.0,28.0,24.0,32.0,15.0,12.0
"Amur Kalmykov",NaN,NaN,NaN,NaN,NaN,2.0
"Pavel Dolgov",NaN,6.0,7.0,29.0,29.0,5.0
"Ricardinho",28.0,39.0,29.0,28.0,30.0,11.0
"Nikola Trujic",28.0,26.0,30.0,28.0,41.0,15.0
"Reziuan Mirzov",1.0,9.0,27.0,5.0,8.0,18.0
"Aleksandr Makarov",NaN,6.0,5.0,18.0,18.0,4.0
"Pavel Pogrebnyak",32.0,41.0,33.0,19.0,9.0,4.0
"Alejandro Barbaro",1.0,21.0,2.0,18.0,27.0,4.0
"Konstantin Savichev",2.0,NaN,NaN,34.0,30.0,14.0
"Vladislav Nikiforov",16.0,24.0,28.0,39.0,35.0,18.0
"Dmitri Kabutov",31.0,20.0,24.0,30.0,34.0,26.0
"Maksim Kazankov",NaN,NaN,NaN,33.0,33.0,19.0
"Maksim Kanunnikov",25.0,24.0,28.0,40.0,23.0,17.0
"Miroslav Markovic",23.0,24.0,12.0,18.0,19.0,20.0
"Lukasz Sekulski",35.0,19.0,36.0,23.0,22.0,21.0
"Aleksandr Maksimenko",NaN,NaN,NaN,NaN,NaN,1.0
"Ousmane Dembélé",NaN,NaN,NaN,29.0,49.0,12.0
"Lionel Messi",50.0,46.0,57.0,49.0,52.0,41.0
"Aleix Vidal",45.0,42.0,47.0,14.0,12.0,22.0
"Luis Suárez",44.0,37.0,43.0,53.0,51.0,39.0
"Paco Alcácer",24.0,37.0,36.0,46.0,28.0,16.0
"Cristiano Ronaldo",55.0,47.0,54.0,48.0,46.0,34.0
"Marco Asensio",NaN,20.0,36.0,37.0,38.0,39.0
"Gareth Bale",44.0,44.0,48.0,31.0,27.0,28.0
"Lucas Vázquez",26.0,40.0,39.0,33.0,50.0,40.0
"Karim Benzema",50.0,52.0,46.0,36.0,48.0,33.0
"Borja Mayoral",NaN,NaN,12.0,46.0,21.0,20.0
"Vitolo",44.0,45.0,42.0,47.0,43.0,23.0
"Ángel Correa",12.0,44.0,NaN,36.0,47.0,41.0
"Antoine Griezmann",35.0,50.0,53.0,54.0,53.0,36.0
"Diego Costa",44.0,51.0,37.0,41.0,42.0,13.0
"Kévin Gameiro",32.0,49.0,44.0,52.0,46.0,27.0
"Fernando Torres",64.0,41.0,36.0,44.0,45.0,31.0
"Gonçalo Guedes",0.0,11.0,41.0,36.0,39.0,30.0
"Andreas Pereira",1.0,22.0,20.0,22.0,37.0,23.0
"Ferrán Torres",NaN,NaN,NaN,NaN,2.0,19.0
"Simone Zaza",36.0,35.0,34.0,24.0,31.0,31.0
"Rodrigo",39.0,42.0,32.0,38.0,21.0,34.0
"Luciano Vietto",33.0,36.0,48.0,28.0,31.0,21.0
"Santi Mina",1.0,32.0,24.0,36.0,31.0,32.0
"Joaquín Correa",8.0,32.0,22.0,25.0,34.0,32.0
"Nolito",32.0,37.0,37.0,29.0,30.0,31.0
"Pablo Sarabia",16.0,36.0,41.0,32.0,46.0,41.0
"Jesús Navas",44.0,48.0,47.0,52.0,36.0,37.0
"Wissam Ben Yedder",37.0,42.0,38.0,41.0,42.0,33.0
"Luis Muriel",23.0,31.0,27.0,35.0,33.0,35.0
"Sandro Ramírez",NaN,31.0,42.0,20.0,31.0,21.0
"Roberto Soriano",25.0,29.0,35.0,40.0,43.0,25.0
"Denis Cheryshev",35.0,5.0,40.0,14.0,18.0,25.0
"Samu Castillejo",NaN,NaN,39.0,45.0,44.0,29.0
"Daniel Raba",NaN,NaN,NaN,1.0,20.0,34.0
"Salem Al-Dawsari",16.0,24.0,29.0,24.0,35.0,14.0
"Carlos Bacca",44.0,52.0,56.0,43.0,34.0,34.0
"Nicola Sansone",26.0,31.0,37.0,38.0,44.0,14.0
"Enes Ünal",NaN,23.0,31.0,28.0,33.0,31.0
"Roger Martínez",2.0,13.0,26.0,32.0,25.0,6.0
"Iker Muniain",43.0,39.0,41.0,28.0,46.0,12.0
"Iñigo Córdoba",NaN,NaN,6.0,21.0,32.0,31.0
"Sabin Merino",NaN,38.0,42.0,38.0,19.0,15.0
"Iñaki Williams",NaN,14.0,43.0,37.0,49.0,41.0
"Markel Susaeta",46.0,43.0,48.0,47.0,36.0,39.0
"Aritz Aduriz",44.0,36.0,48.0,55.0,42.0,40.0
"Kike Sola",31.0,9.0,6.0,13.0,17.0,1.0
"Mikel Oyarzabal",NaN,NaN,5.0,32.0,43.0,33.0
"Adnan Januzaj",19.0,38.0,29.0,26.0,29.0,26.0
"Juanmi",26.0,24.0,38.0,21.0,41.0,29.0
"David Concha",NaN,15.0,35.0,27.0,11.0,14.0
"Willian José",26.0,17.0,38.0,34.0,34.0,30.0
"Jon Bautista",NaN,7.0,25.0,33.0,31.0,18.0
"Imanol Agirretxe",35.0,40.0,36.0,16.0,NaN,9.0
"Pione Sisto",10.0,29.0,24.0,42.0,56.0,28.0
"Emre Mor",NaN,NaN,0.0,13.0,19.0,24.0
"Iago Aspas",37.0,15.0,25.0,40.0,49.0,30.0
"Maximiliano Gómez",NaN,NaN,4.0,21.0,27.0,30.0
"Lucas Boyé",NaN,6.0,33.0,16.0,33.0,19.0
"Cristian Tello",34.0,30.0,37.0,35.0,42.0,24.0
"Joel Campbell",33.0,43.0,33.0,31.0,29.0,4.0
"Joaquín",45.0,37.0,34.0,32.0,29.0,27.0
"Francis Guerrero",NaN,NaN,5.0,29.0,NaN,15.0
"Antonio Sanabria",NaN,15.0,15.0,30.0,24.0,12.0
"Sergio León",6.0,30.0,35.0,42.0,36.0,26.0
"Rubén Castro",40.0,34.0,46.0,40.0,47.0,7.0
"Loren Morón",NaN,NaN,11.0,30.0,NaN,28.0
"Pablo Piatti",19.0,29.0,30.0,37.0,31.0,24.0
"Gerard Moreno",17.0,32.0,39.0,36.0,38.0,34.0
"Leo Baptistão",28.0,33.0,26.0,34.0,22.0,31.0
"Sergio García",28.0,41.0,41.0,13.0,24.0,28.0
"Jairo Morillas",1.0,25.0,39.0,24.0,18.0,
"Zakaria Bakkali",25.0,25.0,5.0,19.0,21.0,19.0
"Borja Valle",6.0,18.0,26.0,30.0,26.0,10.0
"Federico Cartabia",15.0,40.0,30.0,29.0,17.0,19.0
"Carles Gil",31.0,35.0,20.0,28.0,24.0,10.0
"Lucas Pérez",18.0,50.0,21.0,39.0,22.0,27.0
"Florin Andone",NaN,34.0,30.0,36.0,39.0,24.0
"Adrián López",46.0,39.0,18.0,23.0,26.0,22.0
"Isaac Success",NaN,0.0,38.0,33.0,19.0,4.0
"Maxime Lestienne",47.0,42.0,31.0,20.0,16.0,15.0
"Chory Castro",33.0,35.0,37.0,26.0,31.0,20.0
"Keko",5.0,20.0,36.0,32.0,22.0,18.0
"Samu García",NaN,28.0,38.0,26.0,26.0,20.0
"Diego Rolán",25.0,26.0,38.0,42.0,33.0,18.0
"Borja Bastón",32.0,33.0,40.0,39.0,20.0,18.0
"Brown Ideye",40.0,29.0,31.0,36.0,45.0,7.0
"Adalberto Peñaranda",NaN,2.0,NaN,36.0,10.0,13.0
"Youssef En-Nesyri",NaN,NaN,NaN,NaN,15.0,18.0
"Cristhian Stuani",34.0,38.0,45.0,39.0,28.0,23.0
"Anthony Lozano",17.0,3.0,6.0,33.0,35.0,26.0
"Michael Olunga",2.0,NaN,2.0,32.0,9.0,11.0
"Takashi Inui",34.0,22.0,29.0,31.0,30.0,28.0
"Pedro León",30.0,40.0,29.0,33.0,39.0,4.0
"Fabián Orellana",33.0,33.0,39.0,38.0,25.0,10.0
"Iván Alejo",NaN,6.0,21.0,17.0,35.0,14.0
"Rubén Peña",5.0,19.0,31.0,34.0,34.0,21.0
"Sergi Enrich",25.0,39.0,40.0,41.0,40.0,21.0
"Kike",36.0,44.0,51.0,24.0,27.0,28.0
"Charles",47.0,31.0,31.0,35.0,21.0,26.0
"Alfonso Pedraza",NaN,NaN,15.0,33.0,37.0,30.0
"Burgui",21.0,36.0,37.0,31.0,34.0,18.0
"Ibai Gómez",46.0,24.0,34.0,9.0,35.0,28.0
"Hernán Pérez",16.0,27.0,16.0,33.0,35.0,14.0
"Munir El Haddadi",NaN,21.0,33.0,26.0,39.0,27.0
"John Guidetti",7.0,9.0,35.0,43.0,42.0,20.0
"Christian Santos",28.0,2.0,38.0,33.0,27.0,12.0
"Rubén Sobrino",19.0,17.0,42.0,14.0,16.0,23.0
"Ermedin Demirovic",NaN,NaN,33.0,23.0,27.0,4.0
"Alexander Szymanowski",39.0,28.0,26.0,49.0,28.0,15.0
"José Naranjo",5.0,7.0,27.0,38.0,24.0,19.0
"Nordin Amrabat",43.0,28.0,35.0,29.0,29.0,32.0
"Nabil El Zhar",38.0,28.0,21.0,32.0,28.0,30.0
"Omar",35.0,26.0,38.0,37.0,16.0,19.0
"Claudio Beauvue",38.0,42.0,52.0,42.0,19.0,27.0
"Miguel Ángel Guerrero",26.0,15.0,37.0,25.0,33.0,15.0
"Amath Ndiaye",NaN,NaN,8.0,NaN,41.0,29.0
"Dani Pacheco",33.0,37.0,25.0,38.0,34.0,8.0
"Álvaro Jiménez",NaN,10.0,28.0,33.0,37.0,14.0
"Loïc Rémy",37.0,27.0,29.0,20.0,8.0,18.0
"Ángel Rodríguez",35.0,15.0,16.0,36.0,39.0,25.0
"Jorge Molina",38.0,43.0,36.0,26.0,44.0,27.0
"José Luis Morales",7.0,40.0,36.0,36.0,40.0,29.0
"Fahad Al-Muwallad",10.0,18.0,23.0,31.0,24.0,11.0
"Ivi",NaN,34.0,36.0,38.0,35.0,27.0
"Jason",NaN,26.0,24.0,22.0,39.0,22.0
"Roger Martí",25.0,37.0,19.0,37.0,38.0,8.0
"Emmanuel Boateng",NaN,NaN,27.0,31.0,33.0,25.0
"Alex Alegría",10.0,NaN,36.0,42.0,27.0,9.0
"Giampaolo Pazzini",37.0,21.0,28.0,31.0,37.0,25.0
"Armando Sadiku",35.0,29.0,16.0,37.0,31.0,27.0
"Jairo Samperio",40.0,36.0,22.0,33.0,22.0,8.0
"Hernán Toledo",NaN,NaN,6.0,13.0,15.0,16.0
"Nacho Gil",NaN,1.0,32.0,26.0,37.0,18.0
"Momo",47.0,33.0,31.0,28.0,25.0,10.0
"Jonathan Calleri",3.0,36.0,45.0,17.0,21.0,31.0
"Emmanuel Emenike",23.0,35.0,35.0,27.0,27.0,10.0
"Imoh Ezekiel",34.0,48.0,29.0,29.0,19.0,15.0
"Justin Kluivert",NaN,NaN,1.0,5.0,42.0,29.0
"Amin Younes",24.0,14.0,18.0,39.0,48.0,18.0
"Dennis Johnsen",NaN,NaN,NaN,12.0,32.0,22.0
"David Neres",NaN,NaN,NaN,8.0,16.0,31.0
"Vaclav Cerny",NaN,2.0,34.0,34.0,38.0,8.0
"Kasper Dolberg",NaN,NaN,3.0,22.0,48.0,25.0
"Mateo Cassierra",NaN,NaN,19.0,24.0,46.0,25.0
"Klaas-Jan Huntelaar",35.0,21.0,37.0,40.0,24.0,25.0
"Hirving Lozano",NaN,16.0,40.0,47.0,37.0,27.0
"Steven Bergwijn",NaN,3.0,18.0,30.0,37.0,30.0
"Gastón Pereiro",0.0,21.0,25.0,39.0,38.0,26.0
"Albert Gudmundsson",1.0,2.0,24.0,31.0,34.0,20.0
"Maximiliano Romero",NaN,NaN,0.0,11.0,18.0,10.0
"Luuk de Jong",31.0,26.0,45.0,44.0,39.0,29.0
"Sam Lammers",NaN,NaN,19.0,42.0,44.0,20.0
"Donyell Malen",NaN,NaN,1.0,20.0,35.0,23.0
"Sam Larsson",37.0,20.0,31.0,37.0,36.0,27.0
"Jean-Paul Boëtius",26.0,33.0,44.0,19.0,29.0,33.0
"Cheick Toure",NaN,NaN,NaN,NaN,7.0,25.0
"Steven Berghuis",44.0,48.0,25.0,11.0,38.0,37.0
"Bilal Basacikoglu",32.0,35.0,29.0,41.0,38.0,19.0
"Nicolai Jörgensen",36.0,24.0,37.0,40.0,42.0,29.0
"Robin van Persie",48.0,28.0,31.0,48.0,35.0,13.0
"Dylan Vente",NaN,NaN,NaN,NaN,31.0,27.0
"Oussama Idrissi",NaN,17.0,29.0,31.0,31.0,25.0
"Alireza Jahanbakhsh",28.0,39.0,31.0,30.0,43.0,31.0
"Calvin Stengs",NaN,NaN,NaN,20.0,35.0,1.0
"Wout Weghorst",30.0,35.0,40.0,39.0,49.0,30.0
"Ondřej Mihálik",NaN,NaN,3.0,15.0,27.0,21.0
"Myron Boadu",NaN,NaN,NaN,NaN,22.0,
"Ferdy Druijf",NaN,NaN,5.0,19.0,34.0,17.0
"Patrick Joosten",NaN,3.0,19.0,31.0,21.0,3.0
"Gyrano Kerk",13.0,7.0,24.0,36.0,31.0,31.0
"Bilal Ould-Chikh",7.0,14.0,29.0,12.0,NaN,14.0
"Jean-Christophe Bahebeck",33.0,21.0,24.0,24.0,15.0,7.0
"Cyriel Dessers",NaN,2.0,29.0,11.0,40.0,29.0
"Simon Makienok",33.0,25.0,11.0,37.0,29.0,2.0
"Lukas Görtler",29.0,31.0,28.0,21.0,24.0,22.0
"Nick Venema",NaN,NaN,NaN,13.0,30.0,23.0
"Arber Zeneli",39.0,42.0,31.0,23.0,38.0,16.0
"Nemanja Mihajlovic",4.0,21.0,26.0,25.0,30.0,22.0
"Martin Ödegaard",NaN,24.0,13.0,38.0,31.0,24.0
"Marco Rojas",27.0,2.0,24.0,29.0,27.0,22.0
"Reza Ghoochannejhad",22.0,26.0,9.0,25.0,39.0,27.0
"Henk Veerman",20.0,39.0,51.0,39.0,32.0,32.0
"Bryan Linssen",39.0,34.0,37.0,41.0,31.0,33.0
"Lars ten Teije",NaN,NaN,5.0,26.0,30.0,19.0
"Roy Beerens",41.0,51.0,29.0,3.0,43.0,26.0
"Mitchell van Bergen",NaN,NaN,NaN,19.0,27.0,22.0
"Tim Matavz",39.0,24.0,17.0,24.0,21.0,30.0
"Luc Castaignos",51.0,31.0,35.0,21.0,14.0,31.0
"Mimoun Mahi",43.0,21.0,36.0,20.0,35.0,23.0
"Ajdin Hrustic",6.0,3.0,22.0,15.0,33.0,17.0
"Uriel Antuna",NaN,NaN,3.0,NaN,1.0,17.0
"Lars Veldwijk",36.0,45.0,14.0,36.0,33.0,20.0
"Tom van Weert",36.0,5.0,36.0,34.0,19.0,26.0
"Youness Mokhtar",38.0,30.0,39.0,10.0,28.0,29.0
"Queensy Menig",22.0,20.0,35.0,37.0,34.0,23.0
"Terell Ondaan",16.0,38.0,36.0,14.0,32.0,31.0
"Younes Namli",0.0,30.0,39.0,8.0,29.0,30.0
"Athanasios Karagounis",30.0,29.0,7.0,NaN,14.0,6.0
"Piotr Parzyszek",40.0,22.0,32.0,28.0,39.0,21.0
"Stef Nijland",16.0,32.0,40.0,30.0,15.0,19.0
"Oussama Assaidi",14.0,26.0,38.0,1.0,6.0,24.0
"Adnane Tighadouini",26.0,14.0,39.0,19.0,32.0,21.0
"Dylan George",NaN,NaN,NaN,19.0,30.0,14.0
"Luciano Slagveer",33.0,35.0,38.0,39.0,38.0,20.0
"Tom Boere",0.0,18.0,34.0,19.0,39.0,31.0
"Mounir El Hamdaoui",20.0,13.0,3.0,9.0,13.0,3.0
"Marko Kvasina",19.0,29.0,36.0,27.0,27.0,15.0
"Jari Oosterwijk",17.0,25.0,37.0,21.0,30.0,9.0
"Ricardo Kishna",2.0,20.0,41.0,16.0,18.0,3.0
"Édouard Duplan",27.0,8.0,17.0,32.0,36.0,15.0
"Melvyn Lorenzen",20.0,15.0,6.0,18.0,30.0,18.0
"Sheraldo Becker",10.0,23.0,29.0,28.0,34.0,24.0
"Elson Hooi",37.0,28.0,22.0,36.0,10.0,24.0
"Björn Johnsen",2.0,NaN,45.0,24.0,37.0,28.0
"Delano Ladan",NaN,NaN,NaN,1.0,21.0,20.0
"Kristoffer Peterson",8.0,22.0,25.0,31.0,28.0,30.0
"Zeki Erkilinc",NaN,NaN,NaN,32.0,18.0,5.0
"Brandley Kuwas",46.0,40.0,44.0,38.0,38.0,26.0
"Brahim Darri",27.0,26.0,28.0,47.0,36.0,17.0
"Jaroslav Navrátil",16.0,21.0,37.0,38.0,35.0,18.0
"Paul Gladon",34.0,41.0,38.0,44.0,8.0,30.0
"Vincent Vermeij",9.0,34.0,46.0,41.0,22.0,28.0
"Kai Huisman",1.0,0.0,4.0,10.0,23.0,5.0
"Mo El Hankouri",NaN,NaN,8.0,18.0,13.0,25.0
"Karim Coulibaly",11.0,21.0,26.0,16.0,14.0,8.0
"Kristófer Ingi Kristinsson",NaN,NaN,NaN,3.0,NaN,13.0
"Ismail Azzaoui",NaN,NaN,7.0,10.0,1.0,25.0
"Jordy Croux",9.0,10.0,40.0,40.0,35.0,20.0
"Asumah Abubakar",NaN,NaN,NaN,9.0,27.0,
"Fran Sol",15.0,31.0,38.0,37.0,31.0,30.0
"Bartholomew Ogbeche",8.0,9.0,33.0,21.0,17.0,21.0
"Etien Velikonja",7.0,7.0,17.0,29.0,33.0,6.0
"Dabney dos Santos",NaN,24.0,33.0,44.0,46.0,20.0
"Craig Goodwin",25.0,19.0,28.0,27.0,30.0,20.0
"Soufyan Ahannach",2.0,20.0,32.0,40.0,42.0,18.0
"Loris Brogno",8.0,24.0,31.0,37.0,27.0,20.0
"Thomas Verhaar",NaN,NaN,38.0,34.0,29.0,12.0
"Ilias Alhaft",NaN,0.0,2.0,12.0,31.0,12.0
"Michiel Kramer",37.0,31.0,33.0,40.0,31.0,21.0
"Fred Friday",3.0,19.0,29.0,14.0,40.0,20.0
"Robert Mühren",41.0,36.0,32.0,44.0,34.0,22.0
"Nick Proschwitz",31.0,20.0,29.0,33.0,21.0,11.0
"Ragnar Ache",NaN,NaN,NaN,10.0,27.0,24.0
"Thomas Agyepong",NaN,NaN,NaN,17.0,38.0,13.0
"Diego Snepvangers",NaN,NaN,NaN,NaN,18.0,12.0
"Giovanni Korte",29.0,38.0,17.0,30.0,44.0,27.0
"Paolo Fernandes",NaN,NaN,2.0,4.0,29.0,22.0
"Umar Sadiq",NaN,NaN,32.0,25.0,7.0,10.0
"Thierry Ambrose",NaN,8.0,20.0,12.0,8.0,27.0
"Mitchell te Vrede",21.0,28.0,35.0,30.0,7.0,10.0
"Richelor Sprangers",NaN,NaN,NaN,3.0,19.0,19.0
"Levi García",NaN,NaN,NaN,16.0,36.0,26.0
"Stanley Elbers",30.0,33.0,33.0,27.0,33.0,18.0
"Jinty Caenepeel",NaN,2.0,9.0,31.0,28.0,21.0
"Mike van Duinen",35.0,35.0,34.0,28.0,29.0,25.0
"Zakaria El Azzouzi",0.0,6.0,22.0,27.0,24.0,21.0
"Gyliano van Velzen",12.0,19.0,12.0,33.0,42.0,26.0
"Mikhael Rosheuvel",45.0,37.0,34.0,26.0,38.0,29.0
"Mario Engels",17.0,31.0,28.0,17.0,21.0,22.0
"Célestin Djim",NaN,NaN,21.0,3.0,8.0,5.0
"Dani Schahin",34.0,7.0,16.0,25.0,21.0,26.0
"Jorn Vancamp",NaN,NaN,3.0,7.0,4.0,25.0
"Maecky Ngombo",NaN,NaN,NaN,23.0,17.0,10.0
"Torino Hunte",NaN,30.0,31.0,38.0,36.0,26.0
"Lugman Bezzat",NaN,NaN,4.0,15.0,1.0,1.0
"Vito van Crooij",0.0,4.0,44.0,36.0,38.0,27.0
"Romeo Castelen",2.0,34.0,23.0,31.0,23.0,9.0
"Lennart Thy",24.0,28.0,34.0,31.0,22.0,29.0
"Emil Riis",NaN,NaN,NaN,0.0,20.0,10.0
"Leroy Sané",17.0,38.0,27.0,42.0,37.0,39.0
"Raheem Sterling",38.0,39.0,52.0,47.0,47.0,36.0
"Bernardo Silva",NaN,41.0,45.0,44.0,58.0,44.0
"Sergio Agüero",40.0,34.0,42.0,44.0,45.0,37.0
"Gabriel Jesus",NaN,NaN,20.0,28.0,11.0,31.0
"Alexis Sánchez",46.0,54.0,52.0,41.0,51.0,31.0
"Anthony Martial",4.0,15.0,48.0,56.0,42.0,38.0
"Jesse Lingard",27.0,39.0,18.0,41.0,42.0,37.0
"Romelu Lukaku",38.0,36.0,48.0,46.0,39.0,42.0
"Marcus Rashford",NaN,NaN,1.0,31.0,53.0,40.0
"Zlatan Ibrahimovic",46.0,46.0,37.0,51.0,46.0,7.0
"Heung-Min Son",34.0,43.0,42.0,42.0,47.0,43.0
"Lucas",15.0,53.0,46.0,56.0,53.0,11.0
"Érik Lamela",36.0,17.0,46.0,44.0,14.0,24.0
"Harry Kane",27.0,27.0,51.0,50.0,38.0,39.0
"Fernando Llorente",36.0,45.0,45.0,38.0,35.0,28.0
"Eden Hazard",62.0,49.0,52.0,43.0,43.0,40.0
"Pedro",45.0,54.0,50.0,43.0,43.0,38.0
"Willian",35.0,46.0,49.0,49.0,41.0,44.0
"Álvaro Morata",33.0,34.0,46.0,47.0,43.0,37.0
"Olivier Giroud",47.0,51.0,36.0,53.0,40.0,32.0
"Sadio Mané",30.0,50.0,40.0,43.0,29.0,32.0
"Ben Woodburn",NaN,NaN,NaN,2.0,24.0,16.0
"Mohamed Salah",50.0,40.0,34.0,42.0,41.0,40.0
"Danny Ings",33.0,45.0,37.0,9.0,6.0,16.0
"Dominic Solanke",NaN,7.0,34.0,27.0,5.0,23.0
"Alex Iwobi",NaN,17.0,25.0,34.0,39.0,30.0
"Pierre-Emerick Aubameyang",45.0,48.0,46.0,49.0,46.0,30.0
"Alexandre Lacazette",37.0,54.0,40.0,44.0,45.0,29.0
"Danny Welbeck",40.0,36.0,37.0,16.0,22.0,30.0
"Yannick Bolasie",48.0,30.0,35.0,31.0,16.0,11.0
"Theo Walcott",43.0,18.0,22.0,42.0,37.0,23.0
"Cenk Tosun",35.0,32.0,28.0,43.0,47.0,30.0
"Dominic Calvert-Lewin",NaN,0.0,2.0,35.0,21.0,40.0
"Oumar Niasse",NaN,40.0,19.0,30.0,25.0,22.0
"Nathan Redmond",42.0,39.0,47.0,37.0,50.0,28.0
"Dusan Tadic",51.0,34.0,37.0,40.0,44.0,31.0
"Josh Sims",NaN,5.0,19.0,20.0,30.0,10.0
"Manolo Gabbiadini",31.0,35.0,45.0,30.0,31.0,28.0
"Charlie Austin",40.0,37.0,36.0,23.0,22.0,17.0
"Shane Long",37.0,32.0,41.0,34.0,45.0,25.0
"Guido Carrillo",28.0,43.0,37.0,40.0,31.0,32.0
"Marko Arnautovic",27.0,38.0,35.0,40.0,35.0,27.0
"Michail Antonio",42.0,28.0,49.0,38.0,37.0,21.0
"Chicharito",36.0,35.0,35.0,43.0,36.0,29.0
"Andy Carroll",26.0,16.0,16.0,32.0,22.0,14.0
"Jordan Hugill",NaN,31.0,20.0,32.0,47.0,31.0
"Demarai Gray",NaN,9.0,43.0,42.0,43.0,35.0
"Riyad Mahrez",38.0,40.0,32.0,39.0,48.0,32.0
"Jamie Vardy",29.0,41.0,36.0,38.0,48.0,33.0
"Kelechi Iheanacho",NaN,NaN,6.0,36.0,29.0,23.0
"Shinji Okazaki",42.0,35.0,35.0,39.0,41.0,28.0
"Fousseni Diabaté",NaN,NaN,NaN,NaN,2.0,29.0
"Bakary Sako",41.0,42.0,43.0,23.0,8.0,19.0
"Wilfried Zaha",50.0,20.0,35.0,43.0,37.0,21.0
"Andros Townsend",27.0,35.0,35.0,27.0,40.0,31.0
"Chung-Yong Lee",44.0,47.0,29.0,17.0,20.0,8.0
"Christian Benteke",47.0,28.0,35.0,42.0,40.0,24.0
"Connor Wickham",25.0,36.0,40.0,24.0,10.0,
"Alexander Sörloth",0.0,7.0,32.0,15.0,29.0,30.0
"Eric Maxim Choupo-Moting",11.0,34.0,40.0,36.0,30.0,30.0
"Jesé",38.0,31.0,23.0,38.0,30.0,12.0
"Ramadan Sobhi",NaN,9.0,31.0,34.0,20.0,21.0
"Xherdan Shaqiri",39.0,27.0,35.0,32.0,22.0,29.0
"Saido Berahino",16.0,36.0,45.0,37.0,22.0,17.0
"Mame Diouf",36.0,20.0,38.0,30.0,29.0,30.0
"Peter Crouch",38.0,38.0,38.0,18.0,30.0,25.0
"Richarlison",NaN,NaN,24.0,26.0,18.0,33.0
"Gerard Deulofeu",37.0,29.0,28.0,33.0,31.0,21.0
"André Carrillo",31.0,32.0,46.0,7.0,32.0,28.0
"Dodi Lukebakio",NaN,0.0,4.0,22.0,6.0,21.0
"Andre Gray",50.0,44.0,50.0,44.0,36.0,28.0
"Troy Deeney",43.0,48.0,43.0,43.0,40.0,23.0
"Stefano Okaka",38.0,15.0,34.0,49.0,20.0,12.0
"Jerome Sinclair",2.0,2.0,23.0,17.0,12.0,4.0
"Nacer Chadli",38.0,34.0,45.0,40.0,32.0,5.0
"James McClean",41.0,49.0,37.0,42.0,36.0,28.0
"Hal Robson-Kanu",30.0,37.0,36.0,35.0,32.0,20.0
"Oliver Burke",NaN,NaN,6.0,21.0,32.0,19.0
"Matt Phillips",34.0,22.0,27.0,45.0,29.0,27.0
"Jonathan Leko",NaN,NaN,15.0,22.0,20.0,17.0
"Daniel Sturridge",28.0,33.0,18.0,25.0,27.0,17.0
"José Salomón Rondón",37.0,31.0,44.0,42.0,40.0,32.0
"Jay Rodríguez",37.0,39.0,NaN,18.0,35.0,34.0
"André Ayew",45.0,29.0,30.0,35.0,26.0,28.0
"Wayne Routledge",44.0,47.0,32.0,30.0,29.0,18.0
"Kenji Gorré",NaN,NaN,1.0,22.0,19.0,18.0
"Luciano Narsingh",26.0,27.0,46.0,40.0,36.0,22.0
"Nathan Dyer",44.0,37.0,37.0,17.0,12.0,24.0
"Wilfried Bony",36.0,48.0,34.0,34.0,11.0,20.0
"Tammy Abraham",NaN,NaN,24.0,34.0,48.0,31.0
"Jordan Ayew",47.0,40.0,33.0,36.0,36.0,38.0
"Christian Atsu",31.0,30.0,13.0,14.0,35.0,27.0
"Jacob Murphy",20.0,28.0,34.0,43.0,40.0,22.0
"Islam Slimani",17.0,31.0,33.0,46.0,31.0,17.0
"Dwight Gayle",49.0,25.0,29.0,20.0,34.0,30.0
"Joselu",25.0,33.0,32.0,27.0,24.0,27.0
"Georges-Kevin N'Koudou",NaN,8.0,32.0,41.0,17.0,10.0
"Aaron Lennon",46.0,33.0,31.0,31.0,13.0,25.0
"Johann Berg Gudmundsson",42.0,53.0,44.0,42.0,24.0,32.0
"Jonathan Walters",42.0,36.0,36.0,33.0,24.0,5.0
"Chris Wood",45.0,31.0,18.0,37.0,48.0,22.0
"Sam Vokes",49.0,44.0,17.0,46.0,42.0,24.0
"Nahki Wells",54.0,43.0,37.0,47.0,47.0,7.0
"José Izquierdo",NaN,18.0,44.0,37.0,34.0,30.0
"Jirí Skalák",23.0,28.0,27.0,32.0,33.0,6.0
"Anthony Knockaert",47.0,50.0,19.0,48.0,45.0,31.0
"Jürgen Locadia",37.0,41.0,37.0,42.0,17.0,21.0
"Leonardo Ulloa",42.0,38.0,40.0,35.0,24.0,13.0
"Sam Baldock",34.0,54.0,27.0,33.0,34.0,7.0
"Glenn Murray",45.0,14.0,38.0,25.0,47.0,30.0
"Tomer Hemed",38.0,24.0,35.0,48.0,41.0,19.0
"Ryan Fraser",23.0,41.0,27.0,21.0,29.0,25.0
"Junior Stanislas",37.0,32.0,20.0,25.0,22.0,18.0
"Marc Pugh",46.0,45.0,44.0,30.0,23.0,22.0
"Jordon Ibe",13.0,18.0,39.0,43.0,26.0,32.0
"Callum Wilson",12.0,41.0,50.0,13.0,21.0,23.0
"Lys Mousset",NaN,5.0,1.0,29.0,14.0,22.0
"Jermain Defoe",43.0,43.0,19.0,34.0,40.0,19.0
"Tom Ince",47.0,33.0,37.0,46.0,50.0,33.0
"Rajiv van La Parra",38.0,36.0,41.0,30.0,46.0,31.0
"Sean Scannell",38.0,42.0,45.0,30.0,16.0,20.0
"Steve Mounié",NaN,0.0,1.0,34.0,38.0,24.0
"Laurent Depoitre",38.0,37.0,40.0,47.0,16.0,28.0
"Elias Kachunga",20.0,35.0,32.0,10.0,48.0,19.0
"Collin Quaner",16.0,15.0,28.0,16.0,38.0,26.0
"Ryan Babel",22.0,30.0,29.0,8.0,37.0,34.0
"Jeremain Lens",40.0,41.0,37.0,23.0,38.0,23.0
"Gökhan Töre",7.0,33.0,43.0,35.0,8.0,
"Ricardo Quaresma",NaN,24.0,43.0,37.0,44.0,32.0
"Cyle Larin",NaN,NaN,28.0,33.0,28.0,0.0
"Álvaro Negredo",42.0,49.0,34.0,40.0,39.0,36.0
"Vágner Love",22.0,36.0,34.0,13.0,28.0,24.0
"Mustafa Pektemek",9.0,22.0,30.0,12.0,43.0,9.0
"Garry Rodrigues",42.0,38.0,32.0,36.0,40.0,30.0
"Yasin Öztekin",31.0,31.0,34.0,49.0,36.0,23.0
"Sofiane Feghouli",37.0,45.0,33.0,33.0,28.0,23.0
"Sinan Gümüs",23.0,19.0,10.0,26.0,21.0,19.0
"Bafétimbi Gomis",45.0,49.0,36.0,35.0,34.0,30.0
"Eren Derdiyok",20.0,26.0,7.0,32.0,38.0,24.0
"Mathieu Valbuena",49.0,41.0,36.0,37.0,43.0,31.0
"Aatif Chahechouhe",38.0,40.0,41.0,33.0,29.0,29.0
"Samed Karakoc",NaN,NaN,0.0,2.0,3.0,6.0
"Vincent Janssen",12.0,38.0,38.0,49.0,38.0,13.0
"Roberto Soldado",46.0,36.0,40.0,44.0,11.0,23.0
"Fernandão",35.0,23.0,44.0,55.0,25.0,16.0
"Arda Turan",41.0,46.0,46.0,25.0,30.0,5.0
"Kerim Frei",17.0,11.0,48.0,37.0,27.0,29.0
"Eljero Elia",25.0,33.0,27.0,41.0,32.0,23.0
"Tunay Torun",16.0,17.0,31.0,32.0,29.0,11.0
"Riad Bajić",0.0,21.0,34.0,51.0,48.0,11.0
"Emmanuel Adebayor",34.0,25.0,17.0,15.0,16.0,28.0
"Mevlüt Erdinc",37.0,33.0,36.0,29.0,27.0,25.0
"Olcay Sahan",37.0,36.0,48.0,41.0,37.0,22.0
"Fabián Castillo",36.0,33.0,35.0,24.0,34.0,13.0
"Burak Yilmaz",39.0,44.0,37.0,41.0,12.0,18.0
"Hugo Rodallega",33.0,17.0,38.0,37.0,32.0,22.0
"Dame N'Doye",26.0,27.0,30.0,25.0,32.0,18.0
"Jirès Kembo-Ekoko",7.0,33.0,28.0,31.0,24.0,19.0
"Gheorghe Grozav",36.0,21.0,13.0,21.0,23.0,22.0
"Joshua John",30.0,33.0,31.0,23.0,30.0,11.0
"Dzon Delarge",21.0,29.0,22.0,28.0,41.0,27.0
"Sercan Yildirim",13.0,28.0,31.0,24.0,29.0,
"Moussa Sow",54.0,35.0,40.0,29.0,37.0,13.0
"Kubilay Kanatsizkus",NaN,NaN,NaN,7.0,34.0,10.0
"Bogdan Stancu",33.0,28.0,27.0,30.0,23.0,26.0
"Sinan Bakis",26.0,6.0,5.0,31.0,19.0,10.0
"Júnior Fernándes",13.0,45.0,30.0,43.0,44.0,31.0
"Lucas Villafañez",10.0,NaN,19.0,33.0,46.0,22.0
"Mbilla Etame",28.0,32.0,38.0,27.0,29.0,16.0
"Douglas",32.0,32.0,41.0,28.0,14.0,13.0
"Wanderson",23.0,33.0,43.0,34.0,21.0,16.0
"Glynor Plet",47.0,31.0,39.0,25.0,24.0,
"Moryké Fofana",31.0,34.0,18.0,10.0,28.0,33.0
"Ömer Ali Sahiner",33.0,28.0,35.0,42.0,45.0,36.0
"Volkan Sen",23.0,24.0,41.0,43.0,33.0,8.0
"Adis Jahovic",25.0,26.0,31.0,17.0,40.0,26.0
"Samuel Eto'o",44.0,41.0,38.0,32.0,30.0,21.0
"Mustapha Yatabaré",36.0,38.0,30.0,31.0,26.0,18.0
"Ryan Mendes",15.0,19.0,31.0,35.0,16.0,31.0
"Silvestre Varela",37.0,48.0,30.0,34.0,24.0,10.0
"William",23.0,43.0,47.0,39.0,47.0,19.0
"Asamoah Gyan",4.0,14.0,35.0,15.0,21.0,13.0
"Artem Kravets",1.0,12.0,40.0,34.0,26.0,21.0
"Nikola Stojiljkovic",15.0,30.0,38.0,52.0,34.0,20.0
"Umut Bulut",38.0,46.0,43.0,46.0,37.0,26.0
"Yoan Gouffran",42.0,39.0,33.0,10.0,45.0,23.0
"Muhammed Enes Durmus",NaN,NaN,0.0,7.0,11.0,2.0
"Demba Ba",44.0,29.0,60.0,21.0,2.0,6.0
"Nabil Ghilas",37.0,36.0,28.0,22.0,30.0,15.0
"Ömer Sismanoglu",29.0,11.0,25.0,24.0,16.0,6.0
"Robinho",27.0,48.0,13.0,32.0,37.0,6.0
"Cyriac",2.0,32.0,42.0,34.0,35.0,19.0
"Thievy Bifouma",44.0,20.0,30.0,22.0,36.0,23.0
"Arouna Koné",38.0,6.0,19.0,31.0,9.0,24.0
"Muhammet Demir",11.0,16.0,32.0,31.0,21.0,15.0
"Elvis Manu",25.0,26.0,38.0,18.0,23.0,17.0
"Ahmet Ilhan Özek",30.0,31.0,24.0,42.0,24.0,22.0
"Jaílton Paraíba",20.0,26.0,29.0,29.0,9.0,19.0
"Petar Skuletic",19.0,38.0,40.0,24.0,10.0,24.0
"Deniz Yilmaz",26.0,35.0,15.0,21.0,21.0,12.0
"Aminu Umar",NaN,36.0,27.0,29.0,39.0,26.0
"Serdar Gürler",25.0,40.0,21.0,12.0,36.0,26.0
"Sokol Cikalleshi",4.0,41.0,41.0,37.0,27.0,22.0
"Raul Rusescu",47.0,27.0,33.0,26.0,39.0,
"Mehmet Batdal",33.0,32.0,25.0,35.0,25.0,14.0
"Ali ĂzgĂźn",NaN,NaN,32.0,33.0,44.0,
"Maicón",19.0,24.0,30.0,24.0,28.0,24.0
"Milan Jevtovic",19.0,25.0,23.0,46.0,39.0,15.0
"Souleymane Doukara",15.0,22.0,27.0,27.0,39.0,24.0
"Moestafa El Kabir",26.0,13.0,30.0,36.0,11.0,20.0
"Deniz Kadah",20.0,31.0,36.0,42.0,30.0,23.0
"Emre Güral",12.0,27.0,9.0,24.0,9.0,21.0
"Daniel Larsson",18.0,30.0,21.0,36.0,26.0,20.0
"Onur Ayik",16.0,28.0,26.0,30.0,30.0,17.0
"Geoffrey Bia",6.0,41.0,44.0,27.0,23.0,9.0
"Paulo Henrique",28.0,62.0,17.0,NaN,4.0,22.0
"Evgen Seleznev",35.0,37.0,39.0,33.0,23.0,26.0
"Marvin Emnes",28.0,33.0,20.0,5.0,40.0,9.0
"Mugdat Celik",35.0,37.0,23.0,30.0,30.0,24.0
"Adem Büyük",29.0,35.0,23.0,32.0,30.0,23.0
"Berk Yildiz",NaN,5.0,19.0,22.0,28.0,19.0
"Issiar Dia",24.0,12.0,18.0,14.0,34.0,13.0
"Emanuel Dening",NaN,NaN,NaN,16.0,24.0,23.0
"Khalid Boutaïb",1.0,NaN,28.0,35.0,36.0,24.0
"Gilberto",27.0,32.0,23.0,17.0,18.0,5.0
"Eren Tozlu",24.0,23.0,25.0,24.0,29.0,19.0
"Jhon Murillo",NaN,4.0,4.0,23.0,32.0,21.0
"Samuel Eduok",NaN,NaN,19.0,12.0,38.0,25.0
"Ilhan Depe",31.0,26.0,25.0,32.0,25.0,25.0
"Trezeguet",17.0,30.0,36.0,8.0,31.0,25.0
"Mbaye Diagne",NaN,11.0,14.0,44.0,17.0,8.0
"Bengali-Fodé Koita",22.0,34.0,30.0,26.0,25.0,5.0
"Franck Etoundi",26.0,34.0,37.0,26.0,4.0,8.0
"Adam Stahl",NaN,26.0,22.0,19.0,26.0,6.0
"Ahmet Karadayi",NaN,NaN,NaN,NaN,27.0,18.0
"Hervé Kage",32.0,35.0,22.0,29.0,29.0,14.0
"Leandrinho",4.0,27.0,16.0,30.0,39.0,11.0
"Marius Alexe",36.0,8.0,29.0,35.0,2.0,14.0
"Ergin Keles",30.0,32.0,28.0,28.0,37.0,12.0
"Yusuf Akbulut",1.0,25.0,28.0,12.0,13.0,15.0
"Sebá",30.0,33.0,42.0,33.0,43.0,23.0
"Marko Marin",19.0,30.0,12.0,29.0,23.0,33.0
"Kevin Mirallas",33.0,37.0,36.0,30.0,37.0,24.0
"Felipe Pardo",14.0,41.0,35.0,32.0,26.0,30.0
"Uros Djurdjevic",25.0,27.0,38.0,16.0,34.0,39.0
"Karim Ansarifard",31.0,32.0,17.0,36.0,34.0,22.0
"Nikolaos Vergos",0.0,8.0,9.0,13.0,25.0,6.0
"Róbert Mak",26.0,20.0,35.0,46.0,27.0,30.0
"Dimitrios Limnios",NaN,NaN,2.0,14.0,32.0,25.0
"Djalma",24.0,30.0,32.0,28.0,44.0,26.0
"Aleksandar Prijovic",32.0,21.0,31.0,47.0,45.0,32.0
"Efthymios Koulouris",NaN,11.0,15.0,25.0,32.0,19.0
"Lazaros Christodoulopoulos",33.0,29.0,25.0,11.0,36.0,40.0
"Marko Livaja",25.0,23.0,13.0,18.0,26.0,37.0
"Sergio Araujo",34.0,23.0,44.0,31.0,33.0,36.0
"Georgios Giakoumakis",12.0,16.0,10.0,10.0,30.0,16.0
"Dimitrios Melikiotis",NaN,0.0,NaN,7.0,11.0,5.0
"Anthony Mounier",36.0,34.0,38.0,33.0,13.0,19.0
"Giannis Mystakidis",16.0,0.0,27.0,31.0,31.0,4.0
"Anastasios Chatzigiovannis",NaN,NaN,NaN,NaN,15.0,22.0
"Dimitrios Emmanouilidis",NaN,NaN,NaN,NaN,NaN,2.0
"Christos Kountouriotis",NaN,NaN,NaN,NaN,NaN,3.0
"Guillermo Molins",28.0,11.0,13.0,28.0,11.0,22.0
"Sotiris Pispas",NaN,NaN,NaN,NaN,5.0,9.0
"Amr Warda",NaN,2.0,16.0,30.0,29.0,25.0
"Bruno",NaN,NaN,11.0,32.0,33.0,28.0
"Georgios Manousos",38.0,32.0,31.0,32.0,30.0,11.0
"Abiola Dauda",17.0,27.0,30.0,32.0,22.0,30.0
"Nicolas Diguiny",1.0,NaN,32.0,25.0,11.0,29.0
"Konstantinos Kotsopoulos",NaN,NaN,NaN,NaN,NaN,4.0
"Georgios Masouras",NaN,NaN,20.0,37.0,37.0,37.0
"Srdjan Spiridonovic",22.0,25.0,15.0,30.0,22.0,28.0
"Lazaros Lamprou",NaN,NaN,NaN,2.0,27.0,31.0
"Gerasimos Voukelatos",NaN,NaN,NaN,NaN,4.0,5.0
"Samed Yesil",10.0,4.0,11.0,18.0,13.0,26.0
"Fiorin Durmishaj",NaN,NaN,23.0,16.0,28.0,25.0
"Nicki Bille Nielsen",45.0,16.0,22.0,31.0,11.0,26.0
"Farley Rosa",NaN,23.0,27.0,24.0,23.0,29.0
"Ilias Gianniotis",NaN,NaN,NaN,NaN,4.0,5.0
"Clésio Baúque",NaN,13.0,4.0,17.0,30.0,26.0
"Jorge Díaz",14.0,9.0,35.0,23.0,34.0,28.0
"Vlad Morar",13.0,10.0,19.0,15.0,29.0,24.0
"Georgios Vakrakos",NaN,NaN,NaN,NaN,1.0,1.0
"Eugenio Isnaldo",4.0,10.0,25.0,12.0,15.0,16.0
"Gyeol-Hee Jang",NaN,NaN,NaN,NaN,2.0,
"Nikolaos Kaltsas",30.0,31.0,33.0,27.0,28.0,22.0
"Giannis Kotsiras",NaN,NaN,NaN,NaN,14.0,15.0
"Nabil Jaadi",6.0,12.0,22.0,27.0,18.0,14.0
"Giannis Bastianos",NaN,NaN,NaN,NaN,6.0,16.0
"Michalis Manias",44.0,33.0,33.0,30.0,34.0,26.0
"Anastasios Douvikas",NaN,NaN,NaN,NaN,NaN,18.0
"Rooney Wankewai",NaN,NaN,NaN,NaN,21.0,17.0
"Enes Dolovac",NaN,NaN,NaN,NaN,3.0,2.0
"Georgios Manthatis",NaN,0.0,7.0,8.0,27.0,29.0
"Karim Soltani",19.0,33.0,38.0,26.0,25.0,20.0
"Pedro Conde",NaN,32.0,34.0,37.0,30.0,25.0
"Philip Hellquist",10.0,33.0,12.0,30.0,28.0,2.0
"Franck Betra",NaN,0.0,NaN,NaN,NaN,15.0
"Denis Epstein",27.0,34.0,10.0,23.0,28.0,22.0
"Fábio Nunes",12.0,6.0,24.0,25.0,17.0,9.0
"Alexandros Kontos",42.0,27.0,34.0,32.0,27.0,13.0
"Fotis Georgiou",38.0,23.0,14.0,30.0,23.0,13.0
"Thuram",NaN,31.0,31.0,22.0,27.0,8.0
"Nestoras Mytidis",4.0,33.0,16.0,23.0,30.0,19.0
"Georgios Pamlidis",NaN,NaN,20.0,28.0,7.0,20.0
"Jonathan Bauman",NaN,NaN,NaN,NaN,5.0,12.0
"Konstantinos Georgakopoulos",NaN,9.0,7.0,14.0,16.0,12.0
"Christos Albanis",22.0,20.0,20.0,8.0,29.0,26.0
"Savvas Siatravanis",24.0,29.0,28.0,31.0,31.0,10.0
"Enver Alivodic",33.0,42.0,24.0,26.0,35.0,24.0
"Darren Maatsen",27.0,12.0,23.0,27.0,29.0,11.0
"Anthony Stokes",23.0,47.0,38.0,27.0,18.0,24.0
"Eli Elbaz",8.0,1.0,NaN,17.0,31.0,13.0
"Gonzalo Castillejos",30.0,15.0,15.0,0.0,8.0,18.0
"Kike Boula",6.0,NaN,26.0,31.0,28.0,23.0
"Brito",28.0,21.0,34.0,2.0,24.0,19.0
"Petar Djurickovic",16.0,4.0,29.0,36.0,22.0,25.0
"Panagiotis Triadis",4.0,24.0,4.0,12.0,30.0,18.0
"Erik Jendrisek",12.0,32.0,35.0,38.0,34.0,28.0
"Matías Castro",NaN,2.0,38.0,1.0,9.0,17.0
"Nikolaos Sampanidis",NaN,NaN,NaN,NaN,NaN,1.0
"Milos Deletic",8.0,19.0,21.0,28.0,28.0,24.0
"Nemanja Mladenovic",28.0,18.0,32.0,34.0,23.0,23.0
"Konstantinos Makris",NaN,NaN,NaN,NaN,0.0,1.0
"Thomas Nazlidis",27.0,8.0,22.0,33.0,30.0,31.0
"Sandi Krizman",28.0,26.0,2.0,22.0,24.0,30.0
"Emanuel Perrone",30.0,24.0,31.0,19.0,25.0,29.0
"Filip Kasalica",32.0,40.0,0.0,41.0,12.0,20.0
"Giannis Papanikolaou",NaN,NaN,NaN,NaN,2.0,13.0
"Gurjinder Singh",NaN,NaN,NaN,NaN,NaN,0.0
"Clarck N'Sikulu",6.0,22.0,29.0,9.0,31.0,25.0
"Shikoze Udoji",33.0,41.0,31.0,36.0,30.0,5.0
"Antonis Petropoulos",27.0,29.0,25.0,5.0,25.0,14.0
"Piotr Grzelczak",17.0,39.0,30.0,35.0,33.0,17.0
"Wanderson",18.0,NaN,34.0,30.0,33.0,23.0
"Nikolaos Tsoukalos",4.0,22.0,11.0,29.0,19.0,17.0
"Michalis Frangos",1.0,28.0,27.0,31.0,33.0,10.0
"Evgen Budnik",27.0,20.0,2.0,31.0,21.0,24.0
"Nikola Asceric",1.0,18.0,14.0,32.0,25.0,9.0
"Vangelis Patsarouchas",NaN,NaN,NaN,NaN,5.0,2.0
"Petros Giakoumakis",NaN,NaN,20.0,29.0,30.0,28.0
"Mohamed Youssouf",1.0,2.0,30.0,19.0,11.0,23.0
"Chahir Belghazouani",30.0,18.0,29.0,5.0,5.0,19.0
"Souleymane Sawadogo",NaN,27.0,21.0,2.0,16.0,4.0
"Marko Markovski",30.0,9.0,34.0,30.0,28.0,22.0
"Fotis Ioannidis",NaN,NaN,NaN,NaN,NaN,8.0
"Neymar",1.0,41.0,51.0,49.0,45.0,30.0
"Julian Draxler",39.0,38.0,19.0,35.0,39.0,38.0
"Kylian Mbappé",NaN,NaN,1.0,14.0,44.0,36.0
"Ángel Di María",52.0,52.0,33.0,47.0,43.0,35.0
"Edinson Cavani",43.0,43.0,53.0,52.0,50.0,38.0
"Thomas Lemar",NaN,9.0,26.0,34.0,55.0,28.0
"Keita Baldé",17.0,39.0,29.0,39.0,34.0,31.0
"Gabriel Boschilia",NaN,21.0,8.0,18.0,16.0,5.0
"Rony Lopes",23.0,28.0,27.0,18.0,29.0,40.0
"Rachid Ghezzal",20.0,0.0,23.0,38.0,38.0,29.0
"Jordi Mboula",NaN,NaN,NaN,1.0,11.0,5.0
"Falcao",41.0,19.0,33.0,12.0,43.0,29.0
"Stevan Jovetic",34.0,18.0,26.0,28.0,29.0,18.0
"Adama Diakhaby",NaN,NaN,NaN,NaN,29.0,24.0
"Pietro Pellegri",NaN,NaN,NaN,19.0,22.0,8.0
"Memphis Depay",40.0,43.0,40.0,46.0,26.0,40.0
"Willem Geubbels",NaN,NaN,NaN,NaN,NaN,4.0
"Maxwel Cornet",1.0,15.0,4.0,40.0,51.0,34.0
"Bertrand Traoré",NaN,18.0,37.0,18.0,39.0,32.0
"Mariano Díaz",6.0,27.0,10.0,32.0,14.0,37.0
"Myziane Maolida",NaN,NaN,NaN,NaN,6.0,19.0
"Amine Gouiri",NaN,NaN,NaN,NaN,5.0,8.0
"Lucas Ocampos",32.0,39.0,40.0,25.0,29.0,39.0
"Florian Thauvin",35.0,41.0,38.0,38.0,43.0,42.0
"Yusuf Sari",NaN,NaN,NaN,NaN,NaN,4.0
"Clinton N'Jie",4.0,6.0,33.0,14.0,23.0,30.0
"Konstantinos Mitroglou",41.0,24.0,34.0,45.0,43.0,19.0
"Valère Germain",37.0,26.0,37.0,40.0,60.0,43.0
"Allan Saint-Maximin",NaN,5.0,12.0,18.0,36.0,31.0
"Bassem Srarfi",NaN,NaN,NaN,23.0,16.0,28.0
"Vincent Marcel",NaN,NaN,NaN,NaN,10.0,5.0
"Mario Balotelli",33.0,41.0,28.0,23.0,28.0,30.0
"Alassane Pléa",3.0,25.0,35.0,19.0,32.0,41.0
"Mickaël Le Bihan",39.0,33.0,37.0,5.0,10.0,
"François Kamano",NaN,NaN,26.0,24.0,37.0,30.0
"Malcom",NaN,20.0,34.0,13.0,45.0,29.0
"Jonathan Cafú",NaN,32.0,3.0,27.0,45.0,24.0
"Martin Braithwaite",38.0,40.0,36.0,41.0,36.0,27.0
"Nicolas de Préville",27.0,35.0,28.0,38.0,33.0,29.0
"Gaëtan Laborde",NaN,NaN,30.0,21.0,42.0,17.0
"Alexandre Mendy",NaN,NaN,17.0,21.0,29.0,18.0
"Max Gradel",26.0,20.0,40.0,15.0,13.0,24.0
"Jimmy Durmaz",32.0,33.0,28.0,27.0,30.0,19.0
"Corentin Jean",17.0,26.0,30.0,37.0,21.0,33.0
"Firmin Mubele",1.0,14.0,NaN,14.0,27.0,28.0
"Andy Delort",18.0,39.0,27.0,38.0,31.0,29.0
"Ola Toivonen",24.0,41.0,35.0,17.0,38.0,21.0
"Yaya Sanogo",13.0,15.0,17.0,17.0,3.0,23.0
"Ismaïla Sarr",NaN,NaN,NaN,NaN,33.0,20.0
"Diafra Sakho",4.0,38.0,26.0,24.0,4.0,24.0
"Brandon",3.0,2.0,37.0,29.0,41.0,11.0
"Luiz Araújo",NaN,NaN,NaN,23.0,5.0,27.0
"Imad Faraj",NaN,NaN,NaN,NaN,NaN,7.0
"Nicolas Pepe",NaN,NaN,8.0,13.0,39.0,29.0
"Anwar El Ghazi",7.0,16.0,43.0,37.0,37.0,27.0
"Ezequiel Ponce",NaN,21.0,10.0,11.0,27.0,30.0
"Lebo Mothiba",NaN,NaN,NaN,NaN,10.0,29.0
"Yassine El Ghanassy",23.0,31.0,30.0,15.0,41.0,21.0
"Alexis Alégué",NaN,NaN,NaN,3.0,3.0,
"Emiliano Sala",NaN,39.0,25.0,35.0,39.0,30.0
"Kalifa Coulibaly",NaN,NaN,32.0,33.0,47.0,9.0
"Prejuce Nakoulma",29.0,37.0,34.0,31.0,24.0,12.0
"Kolbeinn Sigthórsson",21.0,42.0,28.0,29.0,2.0,
"Yacine Bammou",NaN,NaN,41.0,36.0,34.0,13.0
"Randal Kolo Muani",NaN,NaN,NaN,NaN,0.0,0.0
"Santy Ngom",NaN,NaN,NaN,NaN,NaN,13.0
"Paul-Georges Ntep",38.0,35.0,38.0,15.0,27.0,12.0
"Kévin Monnet-Paquet",41.0,38.0,43.0,43.0,48.0,22.0
"Jonathan Bamba",NaN,NaN,4.0,25.0,30.0,28.0
"Romain Hamouma",38.0,39.0,38.0,33.0,40.0,23.0
"Oussama Tannane",26.0,33.0,25.0,27.0,28.0,15.0
"Robert Beric",50.0,42.0,39.0,23.0,32.0,16.0
"Keagan Dolly",12.0,27.0,18.0,49.0,23.0,15.0
"Jonathan Ikoné",NaN,NaN,1.0,8.0,25.0,18.0
"Isaac Mbenza",NaN,NaN,13.0,37.0,43.0,34.0
"Souleymane Camara",44.0,36.0,39.0,36.0,31.0,27.0
"Giovanni Sio",20.0,39.0,25.0,37.0,35.0,28.0
"Casimir Ninga",NaN,NaN,NaN,27.0,9.0,26.0
"Jérémie Porsan-Clemente",NaN,5.0,1.0,1.0,NaN,0.0
"Naïm Sliti",22.0,NaN,3.0,39.0,20.0,24.0
"Wesley Saïd",0.0,9.0,32.0,11.0,29.0,27.0
"Chang-hun Kwon",10.0,18.0,20.0,22.0,8.0,28.0
"Benjamin Jeannot",39.0,33.0,33.0,37.0,20.0,24.0
"Julio Tavarès",28.0,30.0,36.0,39.0,37.0,22.0
"Marcus Coco",NaN,NaN,5.0,33.0,40.0,25.0
"Nicolas Benezet",35.0,30.0,24.0,21.0,7.0,22.0
"Abdoul Camara",35.0,18.0,29.0,26.0,21.0,15.0
"Thibault Giresse",36.0,36.0,46.0,30.0,19.0,3.0
"Yannis Salibur",31.0,35.0,15.0,34.0,37.0,22.0
"Yeni N'Gbakoto",4.0,38.0,35.0,40.0,28.0,17.0
"Jimmy Briand",20.0,40.0,30.0,39.0,39.0,31.0
"Marcus Thuram",NaN,NaN,1.0,19.0,23.0,26.0
"Nathaël Julan",NaN,NaN,NaN,3.0,23.0,16.0
"Hervé Bazile",NaN,NaN,33.0,26.0,21.0,19.0
"Jordan N'Kololo",3.0,32.0,21.0,18.0,13.0,13.0
"Jan Repas",NaN,NaN,NaN,10.0,42.0,27.0
"Timo Stavitski",NaN,NaN,NaN,14.0,35.0,7.0
"Ronny Rodelin",32.0,35.0,35.0,37.0,40.0,33.0
"Ivan Santini",17.0,39.0,35.0,36.0,38.0,31.0
"Enzo Crivelli",NaN,3.0,12.0,41.0,24.0,24.0
"Christian Kouakou",26.0,38.0,20.0,27.0,28.0,20.0
"Thomas Touré",NaN,2.0,27.0,30.0,6.0,6.0
"Billy Ketkeophomphone",21.0,38.0,37.0,38.0,5.0,14.0
"Gilles Sunu",22.0,20.0,28.0,35.0,27.0,21.0
"Wilfried Kanga",NaN,NaN,NaN,6.0,24.0,3.0
"Karl Toko Ekambi",NaN,NaN,39.0,40.0,33.0,30.0
"Baptiste Guillaume",7.0,NaN,29.0,12.0,35.0,16.0
"Goran Karanovic",34.0,45.0,28.0,13.0,12.0,
"Férébory Doré",37.0,38.0,18.0,9.0,12.0,18.0
"Martin Terrier",NaN,NaN,NaN,NaN,15.0,26.0
"Idriss Saadi",33.0,20.0,23.0,3.0,39.0,23.0
"Nuno Da Costa",NaN,1.0,NaN,24.0,23.0,27.0
"Stéphane Bahoken",11.0,5.0,1.0,30.0,34.0,23.0
"Jérémy Blayac",22.0,34.0,14.0,31.0,32.0,22.0
"Hyun-Jun Suk",33.0,15.0,40.0,34.0,30.0,19.0
"Adama Niane",2.0,NaN,3.0,NaN,36.0,26.0
"Jonathan Tinhan",19.0,4.0,1.0,13.0,34.0,9.0
"Raphaël Cacérès",33.0,51.0,26.0,24.0,17.0,1.0
"Mamadou Sissako",NaN,0.0,NaN,1.0,0.0,1.0
"Mathieu Dossevi",38.0,33.0,34.0,34.0,28.0,28.0
"Opa Nguette",21.0,10.0,26.0,14.0,37.0,18.0
"Ablie Jallow",NaN,NaN,2.0,NaN,NaN,2.0
"Nolan Roux",44.0,33.0,43.0,44.0,33.0,31.0
"Ibrahima Niane",NaN,NaN,NaN,NaN,NaN,27.0
"Emmanuel Rivière",35.0,36.0,28.0,3.0,17.0,22.0
"Stiven Mendoza",15.0,13.0,32.0,25.0,31.0,9.0
"Moussa Konaté",11.0,26.0,33.0,39.0,39.0,32.0
"Lacina Traoré",38.0,9.0,8.0,27.0,29.0,15.0
"Quentin Cornette",NaN,NaN,0.0,6.0,4.0,7.0
"Bachibou Koita",NaN,NaN,5.0,NaN,2.0,8.0
"Douglas Costa",36.0,39.0,33.0,43.0,34.0,33.0
"Federico Bernardeschi",27.0,40.0,12.0,41.0,42.0,26.0
"Juan Cuadrado",40.0,43.0,37.0,41.0,45.0,20.0
"Gonzalo Higuaín",44.0,46.0,58.0,42.0,55.0,37.0
"Mario Mandzukic",40.0,48.0,43.0,36.0,50.0,32.0
"Lorenzo Insigne",43.0,51.0,28.0,42.0,49.0,38.0
"Adam Ounas",NaN,NaN,NaN,30.0,30.0,12.0
"Leandrinho",NaN,NaN,9.0,NaN,11.0,4.0
"José Callejón",41.0,52.0,59.0,47.0,49.0,40.0
"Dries Mertens",39.0,47.0,51.0,40.0,46.0,39.0
"Arkadiusz Milik",27.0,21.0,35.0,42.0,23.0,7.0
"Ivan Perisic",34.0,38.0,35.0,41.0,42.0,28.0
"Antonio Candreva",49.0,44.0,38.0,44.0,45.0,27.0
"Yann Karamoh",NaN,NaN,NaN,NaN,36.0,10.0
"Mauro Icardi",31.0,23.0,48.0,34.0,41.0,25.0
"Andrea Pinamonti",NaN,NaN,4.0,33.0,31.0,11.0
"Diego Perotti",20.0,20.0,28.0,34.0,45.0,29.0
"Stephan El Shaarawy",46.0,11.0,19.0,42.0,44.0,31.0
"Cengiz Ünder",NaN,NaN,26.0,32.0,43.0,22.0
"Gerson",NaN,0.0,29.0,2.0,12.0,23.0
"Edin Dzeko",45.0,48.0,32.0,39.0,51.0,35.0
"Patrik Schick",NaN,2.0,3.0,28.0,35.0,14.0
"Grégoire Defrel",30.0,44.0,36.0,35.0,38.0,17.0
"Fabio Borini",20.0,41.0,18.0,27.0,26.0,35.0
"Suso",28.0,35.0,7.0,21.0,37.0,38.0
"Nnamdi Oduamadi",16.0,28.0,29.0,30.0,4.0,1.0
"André Silva",NaN,26.0,35.0,43.0,44.0,32.0
"Nikola Kalinic",29.0,23.0,48.0,46.0,42.0,29.0
"Patrick Cutrone",NaN,1.0,21.0,25.0,25.0,35.0
"Nani",21.0,13.0,38.0,47.0,26.0,19.0
"Pedro Neto",NaN,NaN,NaN,NaN,3.0,4.0
"Ciro Immobile",34.0,34.0,34.0,29.0,41.0,36.0
"Felipe Caicedo",24.0,21.0,40.0,34.0,29.0,24.0
"Filip Djordjevic",37.0,29.0,27.0,32.0,18.0,0.0
"Brayan Perea",16.0,27.0,23.0,13.0,14.0,
"Rafik Zekhnini",NaN,NaN,13.0,28.0,17.0,6.0
"Federico Chiesa",NaN,NaN,9.0,29.0,36.0,28.0
"Gil Dias",NaN,NaN,2.0,15.0,39.0,23.0
"Giovanni Simeone",0.0,20.0,28.0,16.0,36.0,30.0
"Diego Falcinelli",41.0,35.0,42.0,27.0,40.0,27.0
"Cyril Théréau",38.0,34.0,40.0,37.0,33.0,22.0
"Andrea Petagna",32.0,19.0,27.0,32.0,36.0,33.0
"Andreas Cornelius",44.0,27.0,33.0,32.0,49.0,26.0
"Álex Berenguer",NaN,NaN,14.0,39.0,31.0,21.0
"Iago Falque",35.0,33.0,33.0,27.0,35.0,30.0
"Simone Edera",NaN,NaN,29.0,34.0,16.0,10.0
"Andrea Belotti",30.0,25.0,39.0,37.0,38.0,24.0
"M'Baye Niang",25.0,31.0,19.0,21.0,34.0,27.0
"DuvĂĄn Zapata",31.0,24.0,31.0,27.0,39.0,24.0
"Dawid Kownacki",NaN,13.0,38.0,34.0,33.0,17.0
"Fabio Quagliarella",35.0,23.0,46.0,34.0,38.0,27.0
"Antonino Ragusa",36.0,42.0,20.0,41.0,33.0,24.0
"Nicholas Pierini",NaN,NaN,25.0,30.0,23.0,11.0
"Domenico Berardi",39.0,33.0,35.0,32.0,25.0,23.0
"Matteo Politano",33.0,32.0,49.0,29.0,42.0,28.0
"Khouma Babacar",17.0,42.0,28.0,24.0,31.0,23.0
"Alessandro Matri",35.0,39.0,26.0,31.0,37.0,23.0
"Rodrigo de Paul",21.0,35.0,29.0,29.0,35.0,29.0
"Svante Ingelsson",NaN,14.0,29.0,27.0,18.0,4.0
"Kevin Lasagna",NaN,NaN,30.0,39.0,47.0,24.0
"Stipe Perica",20.0,28.0,22.0,13.0,27.0,14.0
"Rodrigo Aguirre",20.0,26.0,10.0,29.0,43.0,
"Maxi López",18.0,24.0,37.0,29.0,18.0,23.0
"Iuri Medeiros",10.0,39.0,36.0,34.0,30.0,14.0
"Gianluca Lapadula",17.0,31.0,41.0,46.0,29.0,20.0
"Giuseppe Rossi",1.0,24.0,NaN,33.0,30.0,2.0
"Andrej Galabinov",25.0,43.0,30.0,40.0,37.0,18.0
"Eddy Salcedo",NaN,NaN,NaN,NaN,5.0,21.0
"Ladislav Krejcí",34.0,26.0,37.0,44.0,38.0,9.0
"Simone Verdi",26.0,42.0,28.0,21.0,29.0,25.0
"Riccardo Orsolini",NaN,NaN,NaN,35.0,42.0,13.0
"Federico Di Francesco",31.0,14.0,29.0,38.0,27.0,20.0
"Mattia Destro",26.0,24.0,34.0,27.0,33.0,24.0
"Felipe Avenatti",29.0,25.0,39.0,37.0,40.0,8.0
"Rodrigo Palacio",39.0,39.0,41.0,30.0,20.0,19.0
"Leonardo Pavoletti",35.0,42.0,22.0,26.0,20.0,23.0
"Marco Sau",30.0,31.0,30.0,31.0,35.0,20.0
"Kwang-Song Han",NaN,NaN,NaN,NaN,8.0,22.0
"Niccolò Giannetti",21.0,33.0,29.0,33.0,22.0,8.0
"Damir Ceter",NaN,NaN,NaN,NaN,5.0,2.0
"Emanuele Giaccherini",25.0,32.0,11.0,28.0,19.0,9.0
"Emanuel Vignato",NaN,NaN,NaN,22.0,23.0,17.0
"Roberto Inglese",32.0,22.0,27.0,26.0,37.0,25.0
"Mariusz Stepinski",26.0,22.0,27.0,36.0,31.0,14.0
"Sergio Pellissier",25.0,23.0,28.0,20.0,31.0,18.0
"Alberto Paloschi",20.0,37.0,38.0,32.0,14.0,27.0
"Federico Bonazzoli",NaN,25.0,19.0,24.0,26.0,9.0
"Mirco Antenucci",34.0,41.0,38.0,43.0,39.0,23.0
"Marco Borriello",28.0,12.0,9.0,29.0,37.0,16.0
"Sergio Floccari",36.0,36.0,29.0,25.0,21.0,16.0
"Seung-Woo Lee",NaN,NaN,NaN,3.0,7.0,10.0
"Rolando Aarons",13.0,13.0,7.0,11.0,5.0,13.0
"Daniele Verde",7.0,15.0,33.0,16.0,33.0,27.0
"Alessio Cerci",35.0,38.0,27.0,26.0,2.0,15.0
"Enrico Bearzotti",NaN,3.0,34.0,16.0,33.0,4.0
"Moise Kean",NaN,NaN,11.0,30.0,24.0,20.0
"Bruno Petkovic",12.0,12.0,27.0,34.0,29.0,17.0
"Marco D'Alessandro",34.0,44.0,27.0,25.0,27.0,16.0
"Guilherme",27.0,2.0,30.0,55.0,41.0,28.0
"Vittorio Parigini",20.0,14.0,33.0,19.0,20.0,14.0
"Cristiano Lombardi",21.0,29.0,13.0,26.0,19.0,15.0
"Pietro Iemmello",30.0,18.0,35.0,42.0,20.0,8.0
"Massimo Coda",32.0,36.0,18.0,43.0,42.0,20.0
"Cheick Diabaté",35.0,28.0,17.0,28.0,30.0,3.0
"Adrian Stoian",21.0,15.0,27.0,34.0,28.0,25.0
"Federico Ricci",23.0,13.0,22.0,38.0,31.0,13.0
"Andrea Nalini",NaN,1.0,27.0,11.0,18.0,17.0
"Moussa Diaby",NaN,NaN,NaN,NaN,7.0,7.0
"Marcello Trotta",36.0,41.0,32.0,29.0,31.0,24.0
"Ante Budimir",31.0,27.0,25.0,41.0,14.0,24.0
"Marco Tumminello",NaN,NaN,6.0,30.0,32.0,5.0
"Simy",37.0,21.0,36.0,46.0,22.0,14.0
"Henry Onyekuru",NaN,NaN,NaN,19.0,41.0,28.0
"Francis Amuzu",NaN,NaN,NaN,2.0,2.0,13.0
"Lazar Markovic",31.0,49.0,34.0,21.0,28.0,2.0
"Alexandru Chipciu",42.0,29.0,45.0,39.0,48.0,20.0
"Massimo Bruno",44.0,42.0,39.0,27.0,40.0,20.0
"Lukasz Teodorczyk",28.0,38.0,30.0,18.0,53.0,31.0
"Silvere Ganvoula",1.0,3.0,4.0,18.0,26.0,19.0
"Lior Refaelov",36.0,37.0,48.0,21.0,24.0,15.0
"Thibault Vlietinck",NaN,NaN,4.0,NaN,8.0,4.0
"Emmanuel Dennis",NaN,NaN,NaN,NaN,26.0,31.0
"Wesley",NaN,NaN,NaN,28.0,32.0,34.0
"Abdoulay Diaby",28.0,20.0,25.0,47.0,20.0,34.0
"Jelle Vossen",49.0,53.0,42.0,46.0,45.0,30.0
"Krépin Diatta",NaN,NaN,NaN,NaN,27.0,0.0
"Leandro Trossard",13.0,20.0,41.0,31.0,52.0,7.0
"Holly Tshimanga",NaN,NaN,4.0,NaN,2.0,
"Dieumerci Ndongala",11.0,7.0,35.0,41.0,18.0,23.0
"Edon Zhegrova",NaN,NaN,NaN,NaN,NaN,14.0
"Dante Vanzeir",NaN,NaN,NaN,NaN,2.0,6.0
"Thomas Buffel",55.0,46.0,35.0,44.0,50.0,31.0
"Marcus Ingvartsen",0.0,5.0,14.0,24.0,36.0,27.0
"Mbwana Samatta",4.0,10.0,13.0,20.0,59.0,23.0
"Moses Simon",NaN,14.0,44.0,41.0,42.0,24.0
"Aboubakary Koita",NaN,NaN,NaN,2.0,32.0,0.0
"Samuel Kalu",NaN,NaN,NaN,17.0,46.0,28.0
"Yuya Kubo",16.0,38.0,39.0,36.0,42.0,35.0
"Mamadou Sylla",1.0,33.0,41.0,17.0,39.0,30.0
"Roman Yaremchuk",NaN,19.0,23.0,1.0,27.0,25.0
"Rangelo Janga",27.0,17.0,NaN,37.0,40.0,27.0
"Edmílson Junior",29.0,21.0,24.0,35.0,39.0,26.0
"Paul-José Mpoku",31.0,49.0,43.0,20.0,36.0,32.0
"Moussa Djenepo",NaN,NaN,NaN,NaN,NaN,14.0
"Mehdi Carcela-González",36.0,33.0,23.0,29.0,24.0,23.0
"Duje Cop",31.0,50.0,43.0,32.0,31.0,22.0
"Renaud Emond",NaN,16.0,34.0,31.0,16.0,23.0
"Hassane Bandé",NaN,NaN,NaN,NaN,NaN,27.0
"Clément Tainmont",35.0,27.0,40.0,29.0,33.0,19.0
"Andy Kawaya",NaN,11.0,17.0,17.0,NaN,13.0
"Abou Ouattara",NaN,NaN,NaN,NaN,NaN,1.0
"Fatos Beqiraj",37.0,48.0,27.0,28.0,33.0,22.0
"Nicolas Verdier",25.0,35.0,33.0,35.0,37.0,24.0
"Nicklas Pedersen",27.0,32.0,10.0,13.0,15.0,27.0
"Knowledge Musona",17.0,29.0,15.0,36.0,33.0,24.0
"Ibrahima Conté",38.0,53.0,45.0,10.0,17.0,11.0
"Nicolas Rajsel",NaN,12.0,3.0,31.0,31.0,1.0
"Richairo Zivkovic",26.0,43.0,35.0,33.0,40.0,24.0
"Zinho Gano",2.0,19.0,18.0,36.0,37.0,29.0
"Joseph Akpala",26.0,14.0,33.0,36.0,21.0,31.0
"Theo Bongonda",NaN,24.0,28.0,26.0,42.0,10.0
"Nill De Pauw",32.0,46.0,47.0,15.0,35.0,33.0
"Alessandro Cordaro",36.0,35.0,28.0,25.0,31.0,12.0
"Aaron Leya Iseka",NaN,12.0,23.0,5.0,9.0,31.0
"Peter Olayinka",14.0,NaN,17.0,27.0,32.0,29.0
"Ivan Saponjic",NaN,1.0,16.0,44.0,21.0,29.0
"Hamdi Harbaoui",42.0,43.0,26.0,20.0,25.0,21.0
"Ivo Rodrigues",0.0,38.0,27.0,34.0,29.0,20.0
"Jonathan Pitroipa",36.0,26.0,26.0,36.0,12.0,7.0
"Romain Habran",NaN,NaN,24.0,29.0,13.0,2.0
"Stallone Limbombe",NaN,1.0,19.0,30.0,22.0,21.0
"Obbi Oulare",NaN,NaN,30.0,12.0,22.0,16.0
"Joaquín Ardaiz",NaN,NaN,NaN,11.0,19.0,15.0
"William Owusu Acheampong",34.0,NaN,35.0,22.0,21.0,25.0
"Björn Vleminckx",31.0,22.0,22.0,26.0,19.0,0.0
"Kafoumba Touré",NaN,NaN,19.0,14.0,1.0,2.0
"Roberto Núñez",NaN,6.0,7.0,7.0,1.0,2.0
"Amara Baby",33.0,25.0,26.0,37.0,35.0,24.0
"Mamadou Fall",NaN,28.0,31.0,31.0,34.0,20.0
"Romain Grange",23.0,13.0,25.0,31.0,36.0,24.0
"Jordan Remacle",36.0,20.0,35.0,30.0,20.0,2.0
"Kaveh Rezaei",33.0,25.0,22.0,34.0,40.0,31.0
"Chris Bedia",NaN,NaN,9.0,11.0,38.0,23.0
"David Pollet",34.0,35.0,22.0,39.0,34.0,20.0
"Igor Vetokele",23.0,35.0,43.0,18.0,34.0,21.0
"Cristian Ceballos",22.0,24.0,6.0,7.0,33.0,2.0
"Elton Acolatse",6.0,23.0,36.0,26.0,29.0,6.0
"Jonathan Legear",8.0,9.0,3.0,15.0,16.0,23.0
"Jordan Botaka",NaN,43.0,38.0,19.0,29.0,28.0
"Yohan Boli",NaN,18.0,NaN,16.0,27.0,29.0
"Chuba Akpom",20.0,29.0,25.0,41.0,15.0,14.0
"Babacar Gueye",NaN,NaN,3.0,11.0,19.0,10.0
"Kurt Abrahams",NaN,NaN,NaN,NaN,7.0,8.0
"Nana Opoku Ampomah",NaN,NaN,NaN,NaN,20.0,32.0
"Aleksandar Boljevic",8.0,27.0,31.0,25.0,32.0,30.0
"Tuur Dierckx",2.0,7.0,39.0,34.0,27.0,23.0
"Floriano Vanzo",12.0,5.0,6.0,35.0,14.0,1.0
"Olivier Myny",NaN,NaN,29.0,34.0,28.0,21.0
"Isaac Thelin",37.0,28.0,27.0,12.0,31.0,31.0
"Ryan Mmaee",NaN,NaN,NaN,5.0,7.0,18.0
"Cherif Ndiaye",NaN,NaN,NaN,NaN,4.0,4.0
"Steve De Ridder",13.0,36.0,36.0,39.0,34.0,29.0
"Bob Straetman",NaN,NaN,NaN,NaN,26.0,8.0
"Mohamed Ofkir",NaN,NaN,12.0,26.0,9.0,
"Guus Hupperts",38.0,38.0,34.0,41.0,27.0,18.0
"Marko Miric",16.0,24.0,30.0,34.0,31.0,16.0
"Yusuf Lawal",NaN,NaN,NaN,NaN,NaN,0.0
"Tom De Sutter",42.0,37.0,44.0,25.0,35.0,28.0
"Jean Alassane Mendy",24.0,32.0,27.0,28.0,27.0,2.0
"Lewis Enoh",NaN,16.0,33.0,19.0,11.0,13.0
"Idir Ouali",36.0,32.0,7.0,14.0,35.0,25.0
"Teddy Chevalier",31.0,26.0,39.0,30.0,22.0,34.0
"Jérémy Perbet",41.0,30.0,27.0,35.0,43.0,28.0
"Athanasios Papazoglou",27.0,38.0,29.0,39.0,37.0,7.0
"Fabrice Olinga",6.0,15.0,3.0,7.0,18.0,23.0
"Dorin Rotariu",12.0,35.0,35.0,40.0,37.0,24.0
"Jonathan Bolingi",NaN,3.0,6.0,6.0,6.0,27.0
"Taiwo Awoniyi",NaN,2.0,NaN,14.0,28.0,29.0
"Mario Jelavic",8.0,NaN,31.0,1.0,31.0,16.0
"Yanis Mbombo",NaN,3.0,17.0,24.0,11.0,8.0
"Clément Petit",NaN,NaN,NaN,3.0,NaN,2.0
"Eric Ocansey",NaN,NaN,NaN,23.0,26.0,29.0
"Florian Raspentino",36.0,24.0,32.0,13.0,9.0,9.0
"Mbaye Leye",39.0,14.0,42.0,40.0,46.0,25.0
"Mamadou Koné",42.0,41.0,15.0,35.0,5.0,10.0
"Moussa Diallo",NaN,NaN,NaN,1.0,NaN,8.0
"Damien Mouchamps",NaN,NaN,2.0,0.0,6.0,2.0
"Yacine Brahimi",28.0,36.0,42.0,44.0,31.0,39.0
"Jesús Corona",38.0,19.0,33.0,39.0,41.0,35.0
"Hernâni",28.0,4.0,32.0,26.0,35.0,17.0
"Vincent Aboubakar",30.0,36.0,22.0,42.0,38.0,36.0
"Tiquinho Soares",NaN,NaN,12.0,35.0,38.0,26.0
"Gonçalo Paciência",0.0,19.0,20.0,30.0,16.0,29.0
"Gelson Martins",NaN,NaN,42.0,42.0,44.0,38.0
"Daniel Podence",7.0,4.0,37.0,39.0,31.0,20.0
"Bas Dost",33.0,15.0,36.0,31.0,43.0,36.0
"Seydou Doumbia",9.0,27.0,34.0,25.0,34.0,26.0
"Franco Cervi",NaN,0.0,30.0,22.0,41.0,29.0
"Diogo Gonçalves",NaN,NaN,18.0,42.0,40.0,15.0
"Eduardo Salvio",51.0,22.0,38.0,12.0,42.0,27.0
"Rafa Silva",47.0,32.0,43.0,50.0,33.0,18.0
"Andrija Zivkovic",1.0,25.0,40.0,27.0,24.0,22.0
"RaĂşl JimĂŠnez",42.0,20.0,32.0,45.0,32.0,35.0
"Jonas",49.0,40.0,35.0,48.0,28.0,37.0
"Haris Seferovic",27.0,40.0,34.0,33.0,29.0,24.0
"Ahmed Hassan",25.0,36.0,35.0,46.0,23.0,33.0
"Dyego Sousa",22.0,30.0,23.0,36.0,21.0,20.0
"Raphinha",NaN,NaN,0.0,17.0,40.0,34.0
"Héldon",32.0,31.0,18.0,27.0,33.0,28.0
"Fábio Sturgeon",1.0,17.0,36.0,48.0,31.0,22.0
"Hélder Ferreira",NaN,NaN,NaN,5.0,39.0,24.0
"Welthon",NaN,9.0,NaN,NaN,33.0,18.0
"Junior Tallo",17.0,23.0,17.0,27.0,11.0,19.0
"Sebastián Rincón",1.0,NaN,43.0,11.0,25.0,11.0
"Óscar Estupiñán",NaN,NaN,6.0,6.0,NaN,24.0
"Rafael Martins",NaN,32.0,17.0,31.0,20.0,29.0
"Hélder Guedes",14.0,48.0,35.0,33.0,35.0,27.0
"Ricardo Valente",NaN,35.0,38.0,34.0,32.0,33.0
"Gevorg Ghazaryan",30.0,21.0,15.0,25.0,29.0,4.0
"Ibson",0.0,NaN,25.0,35.0,36.0,23.0
"Edgar Costa",8.0,19.0,36.0,36.0,31.0,25.0
"Rodrigo Pinho",NaN,NaN,NaN,16.0,21.0,30.0
"Joel Tagueu",NaN,20.0,16.0,16.0,26.0,6.0
"Everton",NaN,NaN,NaN,NaN,NaN,25.0
"André Claro",35.0,28.0,32.0,38.0,28.0,22.0
"Matheus Índio",NaN,NaN,0.0,0.0,31.0,11.0
"Jorman Aguilar",NaN,2.0,10.0,NaN,41.0,15.0
"Allano Lima",NaN,NaN,16.0,21.0,10.0,22.0
"Ewandro Costa",NaN,5.0,17.0,9.0,7.0,7.0
"Victor Andrade",3.0,2.0,31.0,25.0,9.0,14.0
"Kléber",15.0,15.0,37.0,4.0,31.0,18.0
"Bruno Gomes",NaN,0.0,0.0,16.0,28.0,13.0
"Jorginho",NaN,1.0,8.0,8.0,19.0,17.0
"Davidson",NaN,NaN,NaN,39.0,45.0,26.0
"Matheus Pereira",NaN,4.0,11.0,30.0,23.0,22.0
"Perdigão",6.0,1.0,35.0,29.0,37.0,16.0
"William",14.0,34.0,41.0,33.0,28.0,20.0
"Platiny",29.0,17.0,40.0,46.0,28.0,16.0
"Shoya Nakajima",23.0,35.0,20.0,25.0,29.0,25.0
"Wilson Manafá",NaN,13.0,19.0,21.0,39.0,18.0
"Wellington Carvalho",NaN,NaN,NaN,1.0,43.0,25.0
"Tabata",NaN,NaN,NaN,NaN,33.0,15.0
"Fabrício",11.0,24.0,40.0,66.0,14.0,27.0
"Rui Costa",NaN,NaN,NaN,NaN,45.0,19.0
"Pires",41.0,45.0,25.0,52.0,43.0,18.0
"Yannick Djaló",20.0,18.0,10.0,34.0,NaN,
"André Pereira",NaN,NaN,0.0,NaN,13.0,25.0
"Edinho",40.0,29.0,27.0,33.0,32.0,29.0
"Allef",NaN,NaN,NaN,NaN,NaN,6.0
"Nathan",NaN,13.0,NaN,31.0,32.0,7.0
"Diogo Viana",32.0,31.0,37.0,11.0,24.0,25.0
"Licá",35.0,36.0,23.0,33.0,22.0,8.0
"Benny",NaN,NaN,NaN,NaN,8.0,20.0
"Maurides",0.0,1.0,NaN,42.0,12.0,28.0
"Yazalde",31.0,34.0,29.0,35.0,19.0,7.0
"Tiago Caeiro",29.0,20.0,22.0,38.0,20.0,19.0
"Kuca",NaN,38.0,27.0,34.0,28.0,26.0
"Mateus",27.0,11.0,NaN,17.0,37.0,24.0
"Renato Santos",26.0,12.0,23.0,29.0,34.0,18.0
"Ricardo Clarke",2.0,7.0,7.0,36.0,19.0,5.0
"Rui Pedro",NaN,NaN,6.0,5.0,35.0,17.0
"Leonardo Ruiz",NaN,NaN,6.0,25.0,35.0,16.0
"Iván Bulos",7.0,NaN,23.0,3.0,20.0,6.0
"Yusupha Njie",NaN,8.0,17.0,3.0,13.0,10.0
"Idé Colubali",NaN,NaN,NaN,NaN,17.0,
"Hêndrio",NaN,NaN,NaN,NaN,NaN,6.0
"Awer Mabil",5.0,21.0,21.0,10.0,32.0,23.0
"Bruno Moreira",13.0,20.0,31.0,47.0,NaN,27.0
"Luiz Phellype",3.0,31.0,35.0,14.0,13.0,21.0
"Rabiola",39.0,16.0,30.0,25.0,NaN,
"Arsénio",45.0,24.0,37.0,25.0,28.0,27.0
"Bilel Aouacheria",NaN,NaN,45.0,22.0,38.0,26.0
"Ousmane Dramé",11.0,19.0,34.0,13.0,29.0,6.0
"Zizo",NaN,5.0,35.0,19.0,31.0,27.0
"Edno",46.0,31.0,20.0,NaN,9.0,8.0
"Ronaldo Peña",NaN,NaN,NaN,NaN,NaN,22.0
"Murilo",NaN,NaN,NaN,NaN,21.0,25.0
"Tyler Boyd",23.0,20.0,10.0,41.0,34.0,21.0
"Juan Delgado",0.0,NaN,36.0,21.0,27.0,20.0
"Miguel Cardoso",NaN,NaN,NaN,17.0,32.0,24.0
"Harramiz",NaN,18.0,33.0,41.0,47.0,21.0
"Tomané",32.0,29.0,35.0,29.0,30.0,25.0
"Heliardo",6.0,NaN,NaN,9.0,16.0,18.0
"Luís Machado",20.0,1.0,32.0,13.0,32.0,24.0
"Edson Farias",22.0,10.0,31.0,28.0,11.0,22.0
"Hugo Seco",NaN,1.0,20.0,30.0,23.0,25.0
"Zé Manuel",9.0,NaN,32.0,33.0,33.0,9.0
"Anastasios Karamanos",25.0,40.0,30.0,36.0,36.0,16.0
"João Silva",31.0,47.0,3.0,23.0,20.0,25.0
"José Valencia",26.0,19.0,23.0,NaN,2.0,15.0
"Amilton",NaN,1.0,2.0,33.0,37.0,28.0
"Nildo Petrolina",36.0,25.0,16.0,23.0,35.0,21.0
"Sami",42.0,26.0,26.0,32.0,12.0,8.0
"Hamdou Elhouni",NaN,NaN,NaN,13.0,15.0,19.0
"Derley",NaN,34.0,27.0,23.0,18.0,21.0
"Cristian Arango",2.0,6.0,19.0,27.0,1.0,19.0
"Alexandre Guedes",1.0,17.0,13.0,39.0,39.0,14.0
"Federico Falcone",23.0,1.0,NaN,31.0,17.0,9.0
